{"cameraMode":{"drawMode":0,"name":"Shaded","section":"Shading Mode"},"sceneLighting":true,"audioPlay":false,"sceneViewState":{"m_AlwaysRefresh":false,"showFog":true,"showSkybox":true,"showFlares":true,"showImageEffects":true,"showParticleSystems":true,"showVisualEffectGraphs":true,"m_FxEnabled":true},"in2DMode":false,"pivot":{"x":0.07048940658569336,"y":0.06834030151367188,"z":-992.906982421875},"rotation":{"x":0.07692824304103852,"y":-0.36612948775291445,"z":0.030400536954402925,"w":0.9269056916236877},"size":237.35153198242188,"orthographic":false}